{
    "Nave1": {
        "nome": "Astro_Proto3.0",
        "dano": 30,
        "simbolo": "A",
        "defesa": 15,
        "velocidade": 0,
        "cor": "vermelho",
        "energiaExtra": 15,
        "energia": 100
    },
    "Nave2": {
        "nome": "Jutos_v1003.0",
        "dano": 50,
        "simbolo": "J",
        "defesa": 0,
        "velocidade": 15,
        "cor": "azul",
        "energiaExtra": 25,
        "energia": 100
    },
    "Nave3": {
        "nome": "Wonder03.0",
        "dano": 25,
        "simbolo": "W",
        "defesa": 0,
        "velocidade": 10,
        "cor": "amarelo",
        "energiaExtra": 10,
        "energia": 75.0
    },
    "Tabuleiro": {
        "nome": "amongus"
    },
    "Dados": {
        "energiaExtra": true,
        "TirosDados": 27,
        "tirosAcertados": 1
    }
}