{
    "Nave1": {
        "nome": "Astro_Proto",
        "dano": 30,
        "simbolo": "A",
        "defesa": 0,
        "velocidade": 0,
        "cor": "vermelho",
        "energiaExtra": 10,
        "energia": 40.0
    },
    "Nave2": {
        "nome": "Jutos_v100",
        "dano": 50,
        "simbolo": "J",
        "defesa": 0,
        "velocidade": 0,
        "cor": "azul",
        "energiaExtra": 20,
        "energia": 0
    },
    "Nave3": {
        "nome": "Wonder0",
        "dano": 25,
        "simbolo": "W",
        "defesa": 0,
        "velocidade": 0,
        "cor": "amarelo",
        "energiaExtra": 5,
        "energia": 50.0
    },
    "Tabuleiro": {
        "nome": "jogoTeste"
    },
    "Dados": {
        "energiaExtra": true,
        "TirosDados": 6,
        "tirosAcertados": 6
    }
}